{
    "num_humans": 2,
    "human0": {
        "pose_start": [-0.554422, 5.69879, -1.57],
        "goal_x": 3.0,
        "goal_y": -3.0,
        "k": 8.6,
        "vd": 1.0,
        "max_v": 2.0,
        "max_acc": 5.0,
        "height": 0.0,
        "hh_param": [12, 0.6, 1.0],
        "hr_param": [[12, 0.6, 0.6, -0.1], [12, 0.6, 1.0, 0.0], [12, 0.6, 1.6, 0.2]]
    },

    "human1": {
        "pose_start": [1.98902, 5.68917, -1.57],
        "goal_x": -3.0,
        "goal_y": -3.0,
        "k": 8.6,
        "vd": 0.8,
        "max_v": 2.0,
        "max_acc": 5.0,
        "height": 0.0,
        "hh_param": [12, 0.6, 1.0],
        "hr_param": [[12, 0.6, 0.6, -0.1], [12, 0.6, 1.0, 0.0], [12, 0.6, 1.6, 0.2]]
    },

    "robot": {
        "pose_start": [1.0, 3.0, 0.0]
    }
}